﻿pos_x,pos_y,rotation,side,designator,mpn,pack,footprint,value,mount_type
139.87,-65.0,0.0,top,C1,,,C_0805_2012Metric_Pad1.18x1.45mm_HandSolder,1uf,smt
143.92,-67.67,0.0,top,C2,,,C_0805_2012Metric_Pad1.18x1.45mm_HandSolder,1uf,smt
142.605,-83.47,90.0,bottom,J1,,,Hirose_DF11-14DP-2DSA_2x07_P2.00mm_Vertical,to Xbox,tht
144.868913,-65.0,0.0,top,R1,,,R_0805_2012Metric_Pad1.20x1.40mm_HandSolder,10k,smt
142.24,-61.087,180.0,top,U1,,,SOIC-8W_5.3x5.3mm_P1.27mm,ATtiny13A-S,smt
139.56,-67.67,180.0,top,U2,,,SOT-23,AP2127N-3.3,smt
